filename,group
1312_GA.jpg,train
1312_Si.jpg,train
1314_GA.jpg,train
1314_Si.jpg,train
1315_GA.jpg,train
1315_Si.jpg,train
1316_Si.jpg,train
1317_Si.jpg,train
1318_GAo (1).jpg,train
1318_GAo (2).jpg,train
1321_GA.jpg,train
1321_Si.jpg,train
1322_GA.jpg,train
1322_Si.jpg,train
1330_GA.jpg,train
1330_Si.jpg,train
1332_GA.jpg,train
1332_Si.jpg,train
1333_Si.jpg,train
1334_GA.jpg,train
1334_Si.jpg,train
1335_GA.jpg,train
1335_Si.jpg,train
1336_GA.jpg,train
1337_Si.jpg,train
1338_Si.jpg,train
1339_Si.jpg,train
1341_Si.jpg,train
1342_Si.jpg,train
1344_GA.jpg,train
1346_GA.jpg,train
1347_GA.jpg,train
1347_Si.jpg,train
1348_GA.jpg,train
1349_GA.jpg,train
1349_Si.jpg,train
1351_GA.jpg,train
1352_GA.jpg,train
1352_Si.jpg,train
1353_GA.jpg,train
1353_Si.jpg,train
1354_GA.jpg,train
1354_Si.jpg,train
1356_GA.jpg,train
1356_Si.jpg,train
1357_GA.jpg,train
1357_Si.jpg,train
1360_GA.jpg,train
1360_Si.jpg,train
1362_Si.jpg,train
1363_GA.jpg,train
1364_GA.jpg,train
1364_Si.jpg,train
1365_Si.jpg,train
1366_Si.jpg,train
1367_Si.jpg,train
1368_GA.jpg,train
1369_GA.jpg,train
1369_Si.jpg,train
1370_Si.jpg,train
1371_GA.jpg,train
1371_Si.jpg,train
1372_GA.jpg,train
1373_GA.jpg,train
1373_Si.jpg,train
1375_GA.jpg,train
1377_GA.jpg,train
1377_Si.jpg,train
1378_Si.jpg,train
1379_GA.jpg,train
1379_Si.jpg,train
1380_Si.jpg,train
1381_GA.jpg,train
1381_Si.jpg,train
1382_GA.jpg,train
1382_Si.jpg,train
1383_GA.jpg,train
1384_GA.jpg,train
1385_GA.jpg,train
1385_Si.jpg,train
1409_Si.jpg,train
1413_Si.jpg,train
1414_Si.jpg,train
1417_GA.jpg,train
1417_Si.jpg,train
1418_GA.jpg,train
1418_Si.jpg,train
1419_GA.jpg,train
1419_Si.jpg,train
1420_GA.jpg,train
1420_Si.jpg,train
1421_GA.jpg,train
1421_Si.jpg,train
1422_GA.jpg,train
1422_Si.jpg,train
1423_GA.jpg,train
1423_Si.jpg,train
1433_GA.jpg,train
1433_Si.jpg,train
1454_GA.jpg,train
1454_Si.jpg,train
1455_GA.jpg,train
1457_GA.jpg,train
1460_GA.jpg,train
1460_Si.jpg,train
1461_GA.jpg,train
1461_Si.jpg,train
1462_GA.jpg,train
1462_Si.jpg,train
1463_GA.jpg,train
1463_Si.jpg,train
1464_GA.jpg,train
1464_Si.jpg,train
1465_GA.jpg,train
1466_GA.jpg,train
1468_GA.jpg,train
1472_GA.jpg,train
1472_Si.jpg,train
1479_GA.jpg,train
1479_Si.jpg,train
1480_GA.jpg,train
1481_GA.jpg,train
1482_GA.jpg,train
1483_GA.jpg,train
1483_Si.jpg,train
1484_Si.jpg,train
1498_GA.jpg,train
1498_Si.jpg,train
1502_GA.jpg,train
1504_GA.jpg,train
1504_Si.jpg,train
1507_back_GA.jpg,train
1507_back_Si.jpg,train
1507_front_GA.jpg,train
1508_back_Si.jpg,train
1508_front_GA.jpg,train
1508_front_Si.jpg,train
1509_back_GA.jpg,train
1509_back_Si.jpg,train
1509_front_GA.jpg,train
1509_front_Si.jpg,train
1517_GA.jpg,train
1518_GA.jpg,train
1518_Si.jpg,train
1519_GA.jpg,train
1519_Si.jpg,train
1520_Si.jpg,train
1526_Si.jpg,train
1541_GA.jpg,train
1541_Si.jpg,train
1542_GA.jpg,train
1543_GA.jpg,train
1543_Si.jpg,train
1544_GA.jpg,train
1547_GA.jpg,train
1547_Si.jpg,train
1548_Si.jpg,train
1549_GA.jpg,train
1549_Si.jpg,train
1550_GA.jpg,train
1550_Si.jpg,train
1551_Si.jpg,train
1552_GA.jpg,train
1553_GA.jpg,train
1553_Si.jpg,train
1554_GA.jpg,train
1554_Si.jpg,train
1558_GA.jpg,train
1558_Si.jpg,train
1559_Si.jpg,train
1560_GA.jpg,train
1560_Si.jpg,train
1567_GA.jpg,train
1567_Si.jpg,train
1568_GA.jpg,train
1568_Si.jpg,train
1569_GA.jpg,train
1569_Si.jpg,train
1600_Si.jpg,train
1603_GA.jpg,train
1603_Si.jpg,train
1604_GA.jpg,train
1604_Si.jpg,train
1605_GA.jpg,train
1605_Si.jpg,train
1606_Si.jpg,train
1607_Si.jpg,train
1618_GA.jpg,train
1619_Si.jpg,train
1621_GA.jpg,train
1621_SI.jpg,train
1676_GA.jpg,train
1676_Si.jpg,train
1677_GA.jpg,train
1677_Si.jpg,train
1778_Si.jpg,train
1807_GA.jpg,train
1807_Si.jpg,train
1809_Si.jpg,train
1826_Si.jpg,train
1827_GA.jpg,train
1827_Si.jpg,train
1828_Si.jpg,train
1829_Si.jpg,train
1830_GA.jpg,train
1831_GA.jpg,train
1832_GA.jpg,train
1832_Si.jpg,train
1833_GA.jpg,train
1833_Si.jpg,train
1834_Si.jpg,train
1835_GA.jpg,train
1838_Si.jpg,train
1839_GA.jpg,train
1839_Si.jpg,train
1840_GA.jpg,train
1840_Si.jpg,train
1841_GA.jpg,train
1842_GA.jpg,train
1842_Si.jpg,train
1843_Si.jpg,train
1844_GA.jpg,train
1844_Si.jpg,train
1845_GA.jpg,train
1847_Si.jpg,train
1848_GA.jpg,train
1848_Si.jpg,train
1852_GA.jpg,train
1852_Si.jpg,train
1854_Si.jpg,train
1855_GA.jpg,train
1857_GA.jpg,train
1858_GA.jpg,train
1859_Si.jpg,train
1860_GA.jpg,train
1860_Si.jpg,train
1863_GA.jpg,train
1863_Si.jpg,train
1864_GA.jpg,train
1864_Si.jpg,train
1866_Si.jpg,train
1867_GA.jpg,train
1867_Si.jpg,train
1873_GA.jpg,train
1873_Si.jpg,train
1877_GA.jpg,train
1877_Si.jpg,train
1878_GA.jpg,train
1878_Si.jpg,train
1879_GA.jpg,train
1880_GA.jpg,train
1880_Si.jpg,train
1881_GA.jpg,train
1882_Si.jpg,train
1883_Si.jpg,train
1884_GA.jpg,train
1884_Si.jpg,train
1885_GA.jpg,train
1886_GA.jpg,train
1886_Si.jpg,train
1888_GA.jpg,train
1888_Si.jpg,train
1889_GA.jpg,train
1889_Si.jpg,train
1891_GA.jpg,train
1891_Si.jpg,train
1892_GA.jpg,train
1892_Si.jpg,train
1894_GA.jpg,train
1894_Si.jpg,train
1916_GA.jpg,train
1916_Si.jpg,train
1919_GA.jpg,train
1919_Si.jpg,train
1930_GA.jpg,train
1931_GA.jpg,train
1931_Si.jpg,train
1933_GA.jpg,train
1933_Si.jpg,train
1934_Si.jpg,train
1935_GA.jpg,train
1935_Si.jpg,train
1938_GA.jpg,train
1939_GA.jpg,train
1939_Si.jpg,train
1940_GA.jpg,train
1940_Si.jpg,train
1941_GA.jpg,train
1942_GA.jpg,train
1944_Si.jpg,train
1945_GA.jpg,train
1945_Si.jpg,train
1946_GA.jpg,train
1948_GA.jpg,train
1949_GA.jpg,train
1950_GA.jpg,train
1952_Si.jpg,train
1953_Si.jpg,train
1954_GA.jpg,train
1954_Si.jpg,train
1957_GA.jpg,train
1958_Si.jpg,train
1959_Si.jpg,train
1960_GA.jpg,train
1960_Si.jpg,train
1961_GA.jpg,train
1962_GA.jpg,train
1963_Si.jpg,train
1964_GA.jpg,train
1964_Si.jpg,train
1965_GA.jpg,train
1965_Si.jpg,train
1966_GA.jpg,train
1966_Si.jpg,train
1967_GA.jpg,train
1968_GA.jpg,train
1968_Si.jpg,train
1969_GA.jpg,train
1969_Si.jpg,train
1970_GA.jpg,train
1970_Si.jpg,train
1976_GA.jpg,train
1977_GA.jpg,train
1979_GA.jpg,train
1981_GA.jpg,train
1981_Si.jpg,train
1982_GA.jpg,train
1982_Si.jpg,train
1984_GA.jpg,train
1984_Si.jpg,train
1986_GA.jpg,train
1987_GA.jpg,train
1987_Si.jpg,train
1988_GA.jpg,train
1989_GA.jpg,train
1989_Si.jpg,train
1990_GA.jpg,train
1990_Si.jpg,train
1991_GA.jpg,train
1991_Si.jpg,train
1992_GA.jpg,train
1992_Si.jpg,train
1993_GA.jpg,train
1993_Si.jpg,train
1994_GA.jpg,train
1994_Si.jpg,train
1995_GA.jpg,train
1995_Si.jpg,train
1996_GA.jpg,train
1997_GA.jpg,train
1998_GA.jpg,train
1999_Si.jpg,train
2000_GA.jpg,train
2001_GA.jpg,train
2002_GA.jpg,train
2002_Si.jpg,train
2003_GA.jpg,train
2004_GA.jpg,train
2005_GA.jpg,train
2005_Si.jpg,train
2006_GA.jpg,train
2007_GA.jpg,train
2008_GA.jpg,train
2008_Si.jpg,train
2010_GA.jpg,train
2011_Si.jpg,train
2012_Si.jpg,train
2013_GA.jpg,train
2013_Si.jpg,train
2014_GA.jpg,train
2014_Si.jpg,train
2015_Si.jpg,train
2016_Si.jpg,train
2017_GA.jpg,train
2017_Si.jpg,train
2018_GA.jpg,train
2019_GA.jpg,train
2019_Si.jpg,train
2024_GA.jpg,train
2025_GA.jpg,train
2027_Si.jpg,train
2028_GA.jpg,train
2029_Si.jpg,train
2030_GA.jpg,train
2030_Si.jpg,train
2031_GA.jpg,train
2033_GA.jpg,train
2033_Si.jpg,train
2035_GA.jpg,train
2035_Si.jpg,train
2036_GA.jpg,train
2036_Si.jpg,train
2037_GA.jpg,train
2037_Si.jpg,train
2038_GA.jpg,train
2038_Si.jpg,train
2040_Si.jpg,train
2041_Si.jpg,train
2042_GA.jpg,train
2042_Si.jpg,train
2044_GA.jpg,train
2048_Si.jpg,train
2049_GA.jpg,train
2049_Si.jpg,train
2050_GA.jpg,train
2050_Si.jpg,train
2051_GA.jpg,train
2051_Si.jpg,train
2053_GA.jpg,train
2053_Si.jpg,train
2054_GA.jpg,train
2055_GA.jpg,train
2055_Si.jpg,train
2056_GA.jpg,train
2058_Si.jpg,train
2063_Si.jpg,train
2064_GA.jpg,train
2064_Si.jpg,train
2065_Si.jpg,train
2067_GA.jpg,train
2068_GA.jpg,train
2068_Si.jpg,train
2069_GA.jpg,train
2069_Si.jpg,train
2070_GA.jpg,train
2071_Si.jpg,train
2072_Si.jpg,train
2073_Si.jpg,train
2074_GA.jpg,train
2088_Si.jpg,train
2090_GA.jpg,train
2090_Si.jpg,train
2091_GA.jpg,train
2091_Si.jpg,train
2092_Si.jpg,train
2093_GA.jpg,train
2093_Si.jpg,train
2094_Si.jpg,train
2095_GA.jpg,train
2095_Si.jpg,train
2096_GA.jpg,train
2096_Si.jpg,train
2099_GA.jpg,train
2100_Si.jpg,train
2101_GA.jpg,train
2101_Si.jpg,train
2103_Si.jpg,train
2115_GA.jpg,train
2117_GA.jpg,train
2117_Si.jpg,train
2120_GA.jpg,train
2122_Si.jpg,train
2128_GA.jpg,train
2128_Si.jpg,train
2129_Si.jpg,train
2130_GA.jpg,train
2132_Si.jpg,train
2139_GA.jpg,train
2139_Si.jpg,train
2141_GA.jpg,train
2146_GA.jpg,train
2146_Si.jpg,train
2148_GA.jpg,train
2148_Si.jpg,train
2149_Si.jpg,train
2150_GA.jpg,train
2152_GA.jpg,train
2152_Si.jpg,train
2153_GA.jpg,train
2153_Si.jpg,train
2154_Si.jpg,train
2155_GA.jpg,train
2155_Si.jpg,train
2156_GA.jpg,train
2156_Si.jpg,train
2157_GA.jpg,train
2157_Si.jpg,train
2158_GA.jpg,train
2159_GA.jpg,train
2159_Si.jpg,train
2160_GA.jpg,train
2162_GA.jpg,train
2162_Si.jpg,train
2163_GA.jpg,train
2163_Si.jpg,train
2175_GA.jpg,train
2175_Si.jpg,train
2177_GA.jpg,train
2178_GA.jpg,train
2178_Si.jpg,train
2179_GA.jpg,train
2179_Si.jpg,train
2180_Si.jpg,train
2181_GA.jpg,train
2181_Si.jpg,train
2182_GA.jpg,train
2182_Si.jpg,train
2184_GA.jpg,train
2184_Si.jpg,train
2185_GA.jpg,train
2185_Si.jpg,train
2186_GA.jpg,train
2187_GA.jpg,train
2187_Si.jpg,train
2188_GA.jpg,train
2188_Si.jpg,train
2189_Si.jpg,train
2190_GA.jpg,train
2190_Si.jpg,train
2191_GA.jpg,train
2191_Si.jpg,train
2192_GA.jpg,train
2192_Si.jpg,train
2193_GA.jpg,train
2193_Si.jpg,train
2194_GA.jpg,train
2194_Si.jpg,train
2196_GA.jpg,train
2196_Si.jpg,train
2197_GA.jpg,train
2197_Si.jpg,train
2198_Si.jpg,train
2199_Si.jpg,train
2201_GA.jpg,train
2201_Si.jpg,train
2202_GA.jpg,train
2202_Si.jpg,train
2203_GA.jpg,train
2205_Si.jpg,train
2206_Si.jpg,train
2207_GA.jpg,train
2207_Si.jpg,train
2208_GA.jpg,train
2208_Si.jpg,train
2209_GA.jpg,train
2209_Si.jpg,train
2210_Si.jpg,train
2211_GA.jpg,train
2211_Si.jpg,train
2212_GA.jpg,train
2212_Si.jpg,train
2213_Si.jpg,train
2216_GA.jpg,train
2217_Si.jpg,train
2220_Si.jpg,train
2221_GA.jpg,train
2221_Si.jpg,train
2222_GA.jpg,train
2222_Si.jpg,train
2223_GA.jpg,train
2223_Si.jpg,train
2226_GA.jpg,train
2229_GA.jpg,train
2234_GA.jpg,train
2235_Si.jpg,train
2236_GA.jpg,train
2236_Si.jpg,train
2237_GA.jpg,train
2237_Si.jpg,train
2238_GA.jpg,train
2240_GA.jpg,train
2240_Si.jpg,train
2241_GA.jpg,train
2241_Si.jpg,train
2242_Si.jpg,train
2244_contact_GA.jpg,train
2244_noncontact_GA.jpg,train
2244_noncontact_Si.jpg,train
2245_contact_GA.jpg,train
2245_contact_Si.jpg,train
2245_GA-2.jpg,train
2245_GA.jpg,train
2245_noncontact_Si.jpg,train
2245_Si.jpg,train
2246_contact_GA.jpg,train
2246_contact_Si.jpg,train
2246_GA.jpg,train
2246_noncontact_GA.jpg,train
2246_noncontact_Si.jpg,train
2246_Si.jpg,train
2247_GA.jpg,train
2247_Si.jpg,train
2250_Free Light.jpg,train
2250_GA.jpg,train
2252_GA.jpg,train
2252_Si.jpg,train
2254_contact_GA.jpg,train
2254_GA.jpg,train
2254_noncontact_Si.jpg,train
2254_Si.jpg,train
2255_Si.jpg,train
2256_GA.jpg,train
2256_Si.jpg,train
2257_Si.jpg,train
2259_GA.jpg,train
2259_Si.jpg,train
2260_Si.jpg,train
2261_GA.jpg,train
2264_GA.jpg,train
2264_Si.jpg,train
2265_GA.jpg,train
2265_Si.jpg,train
2268_GA.jpg,train
2269_GA.jpg,train
2271_GA.jpg,train
2271_Si.jpg,train
2272_GA.jpg,train
2272_Si.jpg,train
2273_Si.jpg,train
2274_GA.jpg,train
2274_Si.jpg,train
2275_Si.jpg,train
2276_GA.jpg,train
2276_Si.jpg,train
2277_Si.jpg,train
2278_GA.jpg,train
2278_Si.jpg,train
2279_GA.jpg,train
2279_Si.jpg,train
2280_GA.jpg,train
2280_Si.jpg,train
2281_Si.jpg,train
2282_GA.jpg,train
2283_GA.jpg,train
2284_GA.jpg,train
2284_Si.jpg,train
2285_Si.jpg,train
2286_GA.jpg,train
2286_Si.jpg,train
2287_GA.jpg,train
2287_Si.jpg,train
2289_GA.jpg,train
2289_Si.jpg,train
2292_Si.jpg,train
2293_contact_GA.jpg,train
2293_contact_Si.jpg,train
2293_Si.jpg,train
2294_GA.jpg,train
2294_Si.jpg,train
2295_GA.jpg,train
2295_Si.jpg,train
2297_contact_GA.jpg,train
2297_contact_Si.jpg,train
2297_Si.jpg,train
2299_GA.jpg,train
2299_Si.jpg,train
2300_Si.jpg,train
2301_Si.jpg,train
2302_GA.jpg,train
2302_Si.jpg,train
2303_Si.jpg,train
2304_contact_GA.jpg,train
2304_contact_Si.jpg,train
2304_GA.jpg,train
2305_contact_GA.jpg,train
2305_GA.jpg,train
2305_Si.jpg,train
2306_Si.jpg,train
2307_GA.jpg,train
2307_Si.jpg,train
2308_Si.jpg,train
2309_GA.jpg,train
2309_Si.jpg,train
2310_GA.jpg,train
2311_GA.jpg,train
2311_Si.jpg,train
2312_GA.jpg,train
2313_Si.jpg,train
2314_GA.jpg,train
2314_Si.jpg,train
2315_GA.jpg,train
2315_Si.jpg,train
2316_GA.jpg,train
2316_SI.jpg,train
2323_GA.jpg,train
2323_Si.jpg,train
2325_GA.jpg,train
2326_GA.jpg,train
2326_Si.jpg,train
2327_GA.jpg,train
2327_Si.jpg,train
2328_Si.jpg,train
2329_GA.jpg,train
2330_Si.jpg,train
2331_GA.jpg,train
2331_Si.jpg,train
2337_GA.jpg,train
2338_Si.jpg,train
2339 Control for 2324-2337_GA.jpg,train
2339 Control for 2324-2337_Si.jpg,train
2339_GA.jpg,train
2340_GA.jpg,train
2341_GA.jpg,train
2341_Si.jpg,train
2343_GA.jpg,train
2344_GA.jpg,train
2345_Si.jpg,train
2346_contact_GA.jpg,train
2346_contact_Si.jpg,train
2346_GA.jpg,train
2346_Si.jpg,train
2347_contact_GA.jpg,train
2347_contact_Si.jpg,train
2347_GA.jpg,train
2348_contact_Si.jpg,train
2348_Si.jpg,train
2349_GA.jpg,train
2350_Si.jpg,train
2351_Si.jpg,train
2352_contact_GA.jpg,train
2352_contact_Si.jpg,train
2352_GA.jpg,train
2352_Si.jpg,train
2371_GA_Control.jpg,train
2371_Si_Control.jpg,train
2372_GA.jpg,train
2373_GA.jpg,train
2374_GA.jpg,train
2377_GA.jpg,train
2378_GA.jpg,train
2378_Si.jpg,train
2379_GA.jpg,train
2382_GA.jpg,train
2383_Si.jpg,train
2384_GA.jpg,train
2384_Si.jpg,train
2385_GA.jpg,train
2385_Si.jpg,train
2386_Si.jpg,train
2387_GA.jpg,train
2387_Si.jpg,train
2390_GA.jpg,train
2390_Si.jpg,train
2391_Si.jpg,train
2393_GA.jpg,train
2394_Si.jpg,train
2397_GA.jpg,train
2397_Si.jpg,train
2398_GA_Control for 2387-2396.jpg,train
2400_Si.jpg,train
2401_GA.jpg,train
2401_Si.jpg,train
2402_GA.jpg,train
2402_Si.jpg,train
2403_GA.jpg,train
2403_Si.jpg,train
2404_GA.jpg,train
2404_Si.jpg,train
2405_GA.jpg,train
2407_GA.jpg,train
2409_GA.jpg,train
2409_Si.jpg,train
2410_Si.jpg,train
2411_Si.jpg,train
2412_GA.jpg,train
2414_GA_Control for 2404-2413.jpg,train
2415_GA.jpg,train
2415_Si.jpg,train
2416_Si.jpg,train
2417_GA.jpg,train
2417_Si.jpg,train
2419_Si.jpg,train
2420_GA.jpg,train
2421_GA.jpg,train
2421_Si.jpg,train
2424_GA_Control_2423_2415.jpg,train
2427_GA.jpg,train
2427_Si.jpg,train
2429_Si.jpg,train
2430_GA.jpg,train
2430_Si.jpg,train
2431_Si.jpg,train
2434_GA.jpg,train
2435_GA.jpg,train
2436_GA_Control_2427_2435_2441_2442.jpg,train
2436_Si_Control_2427_2435_2441_2442.jpg,train
2440_GA_Control_2437_2439.jpg,train
2441_Si.jpg,train
2442_Si.jpg,train
2511_GA_S1.jpg,train
2511_GA_S2.jpg,train
2511_Si_S1.jpg,train
2512_GA_S2.jpg,train
2512_Si_S1.jpg,train
2512_Si_S2.jpg,train
2515_Si.jpg,train
2516_GA.jpg,train
2516_Si.jpg,train
2517_GA.jpg,train
2518_GA.jpg,train
2518_Si.jpg,train
2519_Si.jpg,train
2520_GA.jpg,train
2520_Si.jpg,train
2521_GA.jpg,train
2521_Si.jpg,train
2522_Si.jpg,train
2523_Si.jpg,train
2524_GA.jpg,train
2525_GA.jpg,train
2526_GA.jpg,train
2527_Si.jpg,train
2528_GA.jpg,train
2528_Si.jpg,train
2529_GA.jpg,train
2529_Si.jpg,train
2530_GA.jpg,train
2530_Si.jpg,train
2531_GA.jpg,train
2531_Si.jpg,train
2532_GA.jpg,train
2532_Si.jpg,train
2534_Si.jpg,train
2535_GA.jpg,train
2535_Si.jpg,train
2537_Si.jpg,train
2538_GA.jpg,train
2538_Si.jpg,train
2539_GA.jpg,train
2539_Si.jpg,train
2540_Si.jpg,train
2541_GA.jpg,train
2541_Si.jpg,train
2542_GA.jpg,train
2542_Si.jpg,train
2543_GA_Controls for 2534-2542.jpg,train
2543_Si_Controls for 2534-2542.jpg,train
2544_Si.jpg,train
2545_GA.jpg,train
2545_Si.jpg,train
2546_Si.jpg,train
2547_GA.jpg,train
2548_GA.jpg,train
2549_GA.jpg,train
2549_Si.jpg,train
2551_Si.jpg,train
2552_GA.jpg,train
2552_Si.jpg,train
2553_GA.jpg,train
2554_GA.jpg,train
2554_Si.jpg,train
2555_GA.jpg,train
2555_Si.jpg,train
2556_GA.jpg,train
2556_Si.jpg,train
2557_GA.jpg,train
2557_Si.jpg,train
2558_GA.jpg,train
2559_GA.jpg,train
2559_Si.jpg,train
2560_GA.jpg,train
2560_Si.jpg,train
2561_GA.jpg,train
2561_Si.jpg,train
2562_Si.jpg,train
2563_Si.jpg,train
2566_GA.jpg,train
2566_Si.jpg,train
2567_Si.jpg,train
2568_GA.jpg,train
2569_Control for 2560-2563_2566-2568_2570-2572_Si.jpg,train
2570_GA.jpg,train
2570_Si.jpg,train
2571_GA.jpg,train
2571_Si.jpg,train
2573_GA.jpg,train
2573_Si.jpg,train
2574_GA.jpg,train
2575_GA.jpg,train
2576_GA.jpg,train
2577_GA.jpg,train
2577_Si.jpg,train
2578_GA.jpg,train
2579_GA.jpg,train
2579_Si.jpg,train
2580_GA.jpg,train
2580_Si.jpg,train
2581_GA.jpg,train
2581_Si.jpg,train
2582_Si.jpg,train
2583_C ontrol for 2573-2582_GA.jpg,train
2583_C ontrol for 2573-2582_Si.jpg,train
2584_GA.jpg,train
2584_Si.jpg,train
2585_GA.jpg,train
2586_GA.jpg,train
2586_Si.jpg,train
2587_Si.jpg,train
2589_Si.jpg,train
2590_GA.jpg,train
2591_Si.jpg,train
2593_Control for 2584-2592_GA.jpg,train
2594_Si.jpg,train
2595_GA.jpg,train
2595_Si.jpg,train
2596_Si.jpg,train
2597_Si.jpg,train
2598_GA.jpg,train
2598_Si.jpg,train
2599_GA.jpg,train
2600_GA.jpg,train
2600_Si.jpg,train
2601_GA.jpg,train
2602_GA.jpg,train
2602_Si.jpg,train
2603 Control for 2594-2602_GA.jpg,train
2603 Control for 2594-2602_Si.jpg,train
2604_GA.jpg,train
2605_GA.jpg,train
2606_GA.jpg,train
2607_Si.jpg,train
2608_GA.jpg,train
2608_Si.jpg,train
2609_GA.jpg,train
2609_Si.jpg,train
2610_Si.jpg,train
2611 Control for 2604-2610_GA.jpg,train
2612_GA.jpg,train
2612_Si.jpg,train
2613_Si.jpg,train
2615_Si.jpg,train
2616_GA.jpg,train
2616_Si.jpg,train
2617_Si.jpg,train
2618_Si.jpg,train
2619_Si.jpg,train
2620_GA.jpg,train
2620_Si.jpg,train
2621_GA.jpg,train
2621_Si.jpg,train
2622_GA.jpg,train
2622_Si.jpg,train
2623_GA.jpg,train
2623_Si.jpg,train
2624_GA.jpg,train
2624_Si.jpg,train
2625_Si.jpg,train
2626_Si.jpg,train
2627_Si.jpg,train
2628_GA.jpg,train
2628_Si.jpg,train
2630_GA.jpg,train
2630_Si.jpg,train
2631_GA.jpg,train
2632_Si.jpg,train
2633_Si.jpg,train
2634_GA.jpg,train
2634_Si.jpg,train
2636_Si.jpg,train
2638_GA.jpg,train
2638_Si.jpg,train
2639 Control for 2630-2638_GA.jpg,train
2640_GA.jpg,train
2640_Si.jpg,train
2641_GA.jpg,train
2641_Si.jpg,train
2642_GA.jpg,train
2643_GA.jpg,train
2643_Si.jpg,train
2644_GA.jpg,train
2644_Si.jpg,train
2645 Control for 2640-2644_GA.jpg,train
2645 Control for 2640-2644_Si.jpg,train
2646_GA.jpg,train
2646_Si.jpg,train
2647_GA.jpg,train
2648 Control for 2642-2647_Si.jpg,train
2648 Control for 2646-2647_GA.jpg,train
2649_GA.jpg,train
2650_GA.jpg,train
2650_Si.jpg,train
2651_GA.jpg,train
2651_Si.jpg,train
2652 CONTROL_GA.jpg,train
2653_GA.jpg,train
2653_Si.jpg,train
2654_GA.jpg,train
2654_Si.jpg,train
2655_GA.jpg,train
2657_GA.jpg,train
2657_Si.jpg,train
2658_Si.jpg,train
2659_GA.jpg,train
2660_GA.jpg,train
2660_Si.jpg,train
2661_GA.jpg,train
2662_GA.jpg,train
2663_GA.jpg,train
2663_Si.jpg,train
2665 CONTROL for 2653-2664_GA.jpg,train
2665 CONTROL for 2653-2664_Si.jpg,train
2666_Si.jpg,train
2667_GA.jpg,train
2668_GA.jpg,train
2668_Si.jpg,train
2669 CONTROL_Si.jpg,train
2670_Si.jpg,train
2672_GA.jpg,train
2672_Si.jpg,train
2673 Control for 2670-2672_GA.jpg,train
2673 Control for 2670-2672_Si.jpg,train
2674_GA.jpg,train
2674_Si.jpg,train
2675_GA.jpg,train
2676_GA.jpg,train
2677_Si.jpg,train
2678 CONTROL for 2674-2677_GA.jpg,train
2679_GA.jpg,train
2679_Si.jpg,train
2680_GA.jpg,train
2680_Si.jpg,train
2681_GA.jpg,train
2681_Si.jpg,train
2682_GA.jpg,train
2683 CONTROL 2679-2682_GA.jpg,train
2684_GA.jpg,train
2684_Si.jpg,train
2685_GA.jpg,train
2685_Si.jpg,train
2686_Si.jpg,train
2688 CONTROL for 2684-2687_GA.jpg,train
2688 CONTROL for 2684-2687_Si.jpg,train
2698_C_Si.jpg,train
2699_GA.jpg,train
2700_GA.jpg,train
2702_GA.jpg,train
2702_Si.jpg,train
2703_C_GA.jpg,train
2703_C_Si.jpg,train
2703_GA.jpg,train
2703_Si.jpg,train
2704_GA.jpg,train
2705_Si.jpg,train
2706_GA.jpg,train
2706_Si.jpg,train
2707 Control for 2698-2706_C_GA.jpg,train
2707 Control for 2698-2706_Si.jpg,train
2708_GA.jpg,train
2710_GA.jpg,train
2710_Si.jpg,train
2711_GA.jpg,train
2712_GA.jpg,train
2712_Si.jpg,train
2713_Si.jpg,train
2714_GA.jpg,train
2715_Si.jpg,train
2716_Si.jpg,train
2717 CONTROL for 2708-2716_GA.jpg,train
2717 CONTROL for 2708-2716_Si.jpg,train
2718_GA.jpg,train
2719_Si.jpg,train
2721_Si.jpg,train
2722_GA.jpg,train
2723_GA.jpg,train
2724_Si.jpg,train
2725 CONTROL for 2718-2724_Si.jpg,train
2726_GA.jpg,train
2726_Si.jpg,train
2727_Si.jpg,train
2728_GA.jpg,train
2728_Si.jpg,train
2729_GA.jpg,train
2730_C_Si.jpg,train
2730_GA.jpg,train
2730_Si.jpg,train
2731_C_GA.jpg,train
2731_Si.jpg,train
2732_C_GA.jpg,train
2732_C_Si.jpg,train
2732_Si.jpg,train
2733 Control_C_GA.jpg,train
2733_Control for 2726-2732_Si.jpg,train
2734_GA.jpg,train
2734_Si.jpg,train
2735_Control for 2734_GA.jpg,train
2735_Control for 2734_Si.jpg,train
2736_GA.jpg,train
2736_Si.jpg,train
2737_GA.jpg,train
2737_Si.jpg,train
2738_GA.jpg,train
2738_Si.jpg,train
2739_GA.jpg,train
2740 CONTROL for 2736-2739_Si.jpg,train
2741_Si.jpg,train
2742_Si.jpg,train
2744_GA.jpg,train
2744_Si.jpg,train
2745_GA.jpg,train
2746 CONTROL for 2741-2745_GA.jpg,train
2746 CONTROL for 2741-2745_Si.jpg,train
2747_GA.jpg,train
2747_Si.jpg,train
2748_GA.jpg,train
2748_Si.jpg,train
2749_GA.jpg,train
2750_GA.jpg,train
2751_Si.jpg,train
2752_GA.jpg,train
2752_Si.jpg,train
2753_GA.jpg,train
2753_Si.jpg,train
2755_GA.jpg,train
2755_Si.jpg,train
2756 CONTROL for 2747-2755_Si.jpg,train
2757_GA.jpg,train
2757_Si.jpg,train
2758_GA.jpg,train
2758_Si.jpg,train
2759_GA.jpg,train
2759_Si.jpg,train
2760_GA.jpg,train
2760_Si.jpg,train
2761_GA.jpg,train
2761_Si.jpg,train
2762_GA.jpg,train
2762_Si.jpg,train
2764_Si.jpg,train
2765_GA.jpg,train
2765_Si.jpg,train
2766 CONTROL for 2757-2765_GA.jpg,train
2766 CONTROL for 2757-2765_Si.jpg,train
2767_Si.jpg,train
2768_Si.jpg,train
2774 Control for 2767-2773_GA.jpg,train
2774 Control for 2767-2773_Si.jpg,train
2775_GA.jpg,train
2775_Si.jpg,train
2776_GA.jpg,train
2776_Si.jpg,train
2777_GA.jpg,train
2777_Si.jpg,train
2778_GA.jpg,train
2778_Si.jpg,train
2779_GA.jpg,train
2779_Si.jpg,train
2780_GA.jpg,train
2780_Si.jpg,train
2781 CONTROL for 2775-2780_GA.jpg,train
2781 CONTROL for 2775-2780_Si.jpg,train
2782_GA.jpg,train
2783_GA.jpg,train
2784_Si.jpg,train
2785_GA.jpg,train
2787_GA.jpg,train
2787_Si.jpg,train
2788 CONTROL for 2782-2787_GA.jpg,train
2788 CONTROL for 2782-2787_Si.jpg,train
2789_GA.jpg,train
2789_Si.jpg,train
2790_GA.jpg,train
2790_Si.jpg,train
2791_Si.jpg,train
2792_GA.jpg,train
2792_Si.jpg,train
2793_GA.jpg,train
2793_Si.jpg,train
2794_GA.jpg,train
2794_Si.jpg,train
2795 CONTROL for 2789-2794_GA.jpg,train
2795 CONTROL for 2789-2794_Si.jpg,train
2796_GA.jpg,train
2796_Si.jpg,train
2798_GA.jpg,train
2798_Si.jpg,train
2799_GA.jpg,train
2799_Si.jpg,train
2800_FL.jpg,train
2800_GA.jpg,train
2800_Si.jpg,train
2801_FL.jpg,train
2801_GA.jpg,train
2801_Si.jpg,train
2802_Si.jpg,train
2803_GA.jpg,train
2803_Si.jpg,train
2804_GA.jpg,train
2805_Si.jpg,train
2806_Si.jpg,train
2808_Control for 2796-2807_GA.jpg,train
2809_GA.jpg,train
2809_Si.jpg,train
2810_GA.jpg,train
2811_Si.jpg,train
2812_GA.jpg,train
2812_Si.jpg,train
2813_GA.jpg,train
2813_Si.jpg,train
2814_GA.jpg,train
2814_Si.jpg,train
2815_GA.jpg,train
2816_GA.jpg,train
2816_Si.jpg,train
2817 CONTROL for 2809-2816_GA.jpg,train
2818_GA.jpg,train
2818_Si.jpg,train
2819_GA.jpg,train
2819_Si.jpg,train
2820_Si.jpg,train
2821_GA.jpg,train
2822_GA.jpg,train
2822_Si.jpg,train
2824_GA.jpg,train
2824_Si.jpg,train
2827_GA.jpg,train
2827_Si.jpg,train
2828 Conrol for 2824-2827_GA.jpg,train
2828 Conrol for 2824-2827_Si.jpg,train
2829_GA.jpg,train
2829_Si.jpg,train
2830_GA.jpg,train
2831_GA.jpg,train
2831_Si.jpg,train
2832_GA.jpg,train
2832_IC_GA.jpg,train
2832_IC_Si.jpg,train
2833_GA.jpg,train
2833_Si.jpg,train
2834_IC_GA.jpg,train
2834_IC_Si.jpg,train
2834_Si.jpg,train
2835_GA.jpg,train
2835_IC_GA.jpg,train
2835_IC_Si.jpg,train
2836_GA.jpg,train
2836_IC_GA.jpg,train
2836_Si.jpg,train
2837_GA.jpg,train
2837_Si.jpg,train
2838 Control for 2829-2837_Si.jpg,train
2838_IC_GA.jpg,train
2838_IC_Si.jpg,train
2839_Si.jpg,train
2840_GA.jpg,train
2840_Si.jpg,train
2841_GA.jpg,train
2841_Si.jpg,train
2842_GA.jpg,train
2842_Si.jpg,train
2843_GA.jpg,train
2844_GA.jpg,train
2844_Si.jpg,train
2846_Si.jpg,train
2847_GA.jpg,train
2847_Si.jpg,train
2848_Si.jpg,train
2849 Control for 2839-2848_GA.jpg,train
2849 Control for 2839-2848_Si.jpg,train
2850_FL.jpg,train
2850_GA.jpg,train
2850_Si.jpg,train
2851_FL.jpg,train
2852_FL.jpg,train
2852_GA.jpg,train
2852_Si.jpg,train
2853_GA.jpg,train
2853_Si.jpg,train
2854_GA.jpg,train
2855_GA.jpg,train
2855_Si.jpg,train
2856_GA.jpg,train
2856_Si.jpg,train
2857_GA.jpg,train
2858_GA.jpg,train
2858_Si.jpg,train
2859_GA.jpg,train
2859_Si.jpg,train
2860 Control for 2850-2859_GA.jpg,train
2860 Control for 2850-2859_Si.jpg,train
2861_GA.jpg,train
2861_Si.jpg,train
2862_GA.jpg,train
2863_GA.jpg,train
2863_Si.jpg,train
2864_GA.jpg,train
2864_Si.jpg,train
2865_GA.jpg,train
2865_Si.jpg,train
2866 Conrol for 2861-2865_GA.jpg,train
2866 Conrol for 2861-2865_Si.jpg,train
2867_GA.jpg,train
2868_GA.jpg,train
2868_Si.jpg,train
2869_GA.jpg,train
2869_Si.jpg,train
2870_GA.jpg,train
2870_Si.jpg,train
2871_GA.jpg,train
2871_Si.jpg,train
2873_GA.jpg,train
2874_Si.jpg,train
2875_GA.jpg,train
2875_Si.jpg,train
2877 Control for 2867-2876_GA.jpg,train
2880_GA.jpg,train
2881_GA.jpg,train
2881_Si.jpg,train
2882_GA.jpg,train
2884 Control for 2880-2883_GA.jpg,train
2884 Control for 2880-2883_Si.jpg,train
2891_GA.jpg,train
2891_Si.jpg,train
2892_GA.jpg,train
2892_Si.jpg,train
2893_Ga.jpg,train
2894_Si.jpg,train
2895 Control for 2975-2984_GA.jpg,train
2895 Control for 2975-2984_Si.jpg,train
2895_GA.jpg,train
2896_Si.jpg,train
2897_GA.jpg,train
2897_Si.jpg,train
2899_GA.jpg,train
2899_Si.jpg,train
2900_Control_Si.jpg,train
2901_GA.jpg,train
2901_Si.jpg,train
2902 IC_GA.jpg,train
2902 IC_Si.jpg,train
2902_GA.jpg,train
2902_Si.jpg,train
2903_GA.jpg,train
2903_Si.jpg,train
2904_Si.jpg,train
2905_GA.jpg,train
2905_Si.jpg,train
2906 IC_GA.jpg,train
2906_Si.jpg,train
2907 IC_GA.jpg,train
2907 IC_Si.jpg,train
2907_GA.jpg,train
2908 Control for 2901-2907_GA.jpg,train
2908 Control for 2901-2907_Si.jpg,train
2908 IC_GA.jpg,train
2908 IC_Si.jpg,train
2909_GA.jpg,train
2909_Si.jpg,train
2910_Si.jpg,train
2911_GA.jpg,train
2911_Si.jpg,train
2912_GA.jpg,train
2912_Si.jpg,train
2915_GA.jpg,train
2915_Si.jpg,train
2916_GA.jpg,train
2916_Si.jpg,train
2917_GA.jpg,train
2918_GA.jpg,train
2918_Si.jpg,train
2919_GA.jpg,train
2919_Si.jpg,train
2920 Control for 2915-2919_GA.jpg,train
2923_GA.jpg,train
2923_Si.jpg,train
2924_GA.jpg,train
2924_Si.jpg,train
2925_GA.jpg,train
2925_IC_GA.jpg,train
2925_IC_Si.jpg,train
2925_Si.jpg,train
2926_GA.jpg,train
2926_Si.jpg,train
2927_GA.jpg,train
2927_Si.jpg,train
2928_GA.jpg,train
2928_Si.jpg,train
2929_GA-2.jpg,train
2929_Si.jpg,train
2930_GA.jpg,train
2930_Si.jpg,train
2932_Control for 2933-2935_GA.jpg,train
2932_Control for 2933-2935_Si.jpg,train
2933_Si.jpg,train
2934_GA.jpg,train
2935_GA.jpg,train
2936_GA.jpg,train
2937_GA.jpg,train
2937_Si.jpg,train
2938_GA.jpg,train
2938_Si.jpg,train
2939_GA.jpg,train
2939_Si.jpg,train
2940_GA.jpg,train
2940_Si.jpg,train
2941_GA.jpg,train
2941_Si.jpg,train
2942_GA.jpg,train
2942_Si.jpg,train
2943_GA.jpg,train
2945_GA.jpg,train
2946 Control for 2396-2945_GA.jpg,train
2946 Control for 2396-2945_Si.jpg,train
2947_Si.jpg,train
2948_GA.jpg,train
2949_GA.jpg,train
2950_GA.jpg,train
2951_GA.jpg,train
2952_GA.jpg,train
2952_Si.jpg,train
2953_Si.jpg,train
2954_GA.jpg,train
2955_GA.jpg,train
2956_Si.jpg,train
2957_GA.jpg,train
2958_Control for 2947-2957_GA.jpg,train
2958_Control for 2947-2957_Si.jpg,train
2959_GA.jpg,train
2959_Si.jpg,train
2960_GA.jpg,train
2960_Si.jpg,train
2961_Si.jpg,train
2962_GA.jpg,train
2963_GA.jpg,train
2963_Si.jpg,train
2965_GA.jpg,train
2965_Si.jpg,train
2966 CONTROL for 2959-2965_GA.jpg,train
2966 CONTROL for 2959-2965_Si.jpg,train
2968_Si.jpg,train
2969_Si.jpg,train
2970_Si.jpg,train
2971_GA.jpg,train
2971_Si.jpg,train
2972_GA.jpg,train
2973_GA.jpg,train
2973_Si.jpg,train
2974 Control for 2967-2973_GA.jpg,train
2974 Control for 2967-2973_Si.jpg,train
2975_GA.jpg,train
2975_Si.jpg,train
2976_GA.jpg,train
2976_Si.jpg,train
2977_GA.jpg,train
2978_GA.jpg,train
2979_GA.jpg,train
2979_Si.jpg,train
2980_GA.jpg,train
2980_Si.jpg,train
2982_GA.jpg,train
2982_Si.jpg,train
2983_Si.jpg,train
2984_GA.jpg,train
2987_GA.jpg,train
2988_GA.jpg,train
2988_Si.jpg,train
2989_GA.jpg,train
2989_Si.jpg,train
2990_GA.jpg,train
2990_Si.jpg,train
2991_Si.jpg,train
2992_GA.jpg,train
2993_GA.jpg,train
2994_GA.jpg,train
2994_Si.jpg,train
2995_GA.jpg,train
2996 Control for 2986-2995_GA.jpg,train
2996 Control for 2986-2995_Si.jpg,train
2998_Si.jpg,train
2999_Si.jpg,train
3001 Control for 2997-3000_Si.jpg,train
3002_GA.jpg,train
3003_GA.jpg,train
3005_Si.jpg,train
3006_Si.jpg,train
3007_GA.jpg,train
3007_Si.jpg,train
3008_GA.jpg,train
3008_Si.jpg,train
3009_GA.jpg,train
3009_Si.jpg,train
3010_GA.jpg,train
3010_Si.jpg,train
3011 Control for 3002-3010_GA.jpg,train
3011 Control for 3002-3010_Si.jpg,train
3012_GA.jpg,train
3013_GA.jpg,train
3013_Si.jpg,train
3014_GA.jpg,train
3014_Si.jpg,train
3015 Control for 3012-3014_Si.jpg,train
3016_Si.jpg,train
3017_GA.jpg,train
3017_Si.jpg,train
3018_GA.jpg,train
3019_GA.jpg,train
3020_GA.jpg,train
3020_Si.jpg,train
3020_Si2.jpg,train
3021_GA.jpg,train
3021_Si.jpg,train
3022_GA.jpg,train
3022_Si.jpg,train
3023 Control for 3016-3022_GA.jpg,train
3024_GA.jpg,train
3024_Si.jpg,train
3025_GA.jpg,train
3025_Si.jpg,train
3026_Si.jpg,train
3027_GA.jpg,train
3027_Si.jpg,train
3028_GA.jpg,train
3028_Si.jpg,train
3029_GA.jpg,train
3029_Si.jpg,train
3030 Control for 3024-3029_GA.jpg,train
3031_GA.jpg,train
3032_Si.jpg,train
3033_GA.jpg,train
3033_Si.jpg,train
3034_GA.jpg,train
3034_Si.jpg,train
3035_GA.jpg,train
3035_Si.jpg,train
3037_GA.jpg,train
3038 Control for 3031-3037_GA.jpg,train
3039_GA.jpg,train
3039_Si.jpg,train
3040_GA.jpg,train
3041_Si.jpg,train
3042_GA.jpg,train
3042_Si.jpg,train
3044_GA.jpg,train
3045_GA.jpg,train
3047_GA.jpg,train
3047_Si.jpg,train
3048_Control for 3039-3047_GA.jpg,train
3048_Control for 3039-3047_Si.jpg,train
3054_GA.jpg,train
3054_Si.jpg,train
3055_Si.jpg,train
3056_GA.jpg,train
3056_Si.jpg,train
3057_Si.jpg,train
3058_GA.jpg,train
3059_GA.jpg,train
3060_Si.jpg,train
3061_GA.jpg,train
3062_GA.jpg,train
3062_Si.jpg,train
3063 Control for 3054-3062_Si.jpg,train
1317_GA.jpg,validation
1319_GA.jpg,validation
1319_Si.jpg,validation
1320_GA.jpg,validation
1320_Si.jpg,validation
1323_Si.jpg,validation
1333_GA.jpg,validation
1336_Si.jpg,validation
1338_GA.jpg,validation
1339_GA.jpg,validation
1340_GA.jpg,validation
1340_Si.jpg,validation
1342_GA.jpg,validation
1344_Si.jpg,validation
1348_Si.jpg,validation
1351_Si.jpg,validation
1362_GA.jpg,validation
1363_Si.jpg,validation
1365_GA.jpg,validation
1366_GA.jpg,validation
1367_GA.jpg,validation
1368_Si.jpg,validation
1370_GA.jpg,validation
1375_Si.jpg,validation
1376_GA.jpg,validation
1376_Si.jpg,validation
1380_GA.jpg,validation
1384_Si.jpg,validation
1408_GA.jpg,validation
1409_GA.jpg,validation
1413_GA.jpg,validation
1414_GA.jpg,validation
1416_GA.jpg,validation
1416_Si.jpg,validation
1455_Si.jpg,validation
1468_Si.jpg,validation
1480_Si.jpg,validation
1481_Si.jpg,validation
1484_GA.jpg,validation
1503_GA.jpg,validation
1507_front_Si.jpg,validation
1517_Si.jpg,validation
1526_GA.jpg,validation
1542_Si.jpg,validation
1544_Si.jpg,validation
1548_GA.jpg,validation
1559_GA.jpg,validation
1600_GA.jpg,validation
1606_GA.jpg,validation
1607_GA.jpg,validation
1608_GA.jpg,validation
1608_Si.jpg,validation
1618_Si.jpg,validation
1619_GA.jpg,validation
1778_GA.jpg,validation
1826_GA.jpg,validation
1828_GA.jpg,validation
1831_Si.jpg,validation
1834_GA.jpg,validation
1835_Si.jpg,validation
1836_GA.jpg,validation
1836_Si.jpg,validation
1837_GA.jpg,validation
1837_Si.jpg,validation
1838_GA.jpg,validation
1843_GA.jpg,validation
1847_GA.jpg,validation
1855_Si.jpg,validation
1856_GA.jpg,validation
1856_Si.jpg,validation
1857_Si.jpg,validation
1859_GA.jpg,validation
1866_GA.jpg,validation
1879_Si.jpg,validation
1882_GA.jpg,validation
1883_GA.jpg,validation
1885_Si.jpg,validation
1930_Si.jpg,validation
1932_GA.jpg,validation
1932_Si.jpg,validation
1934_GA.jpg,validation
1938_Si.jpg,validation
1941_Si.jpg,validation
1942_Si.jpg,validation
1946_Si.jpg,validation
1948_Si.jpg,validation
1949_Si.jpg,validation
1950_Si.jpg,validation
1953_GA.jpg,validation
1956_GA.jpg,validation
1956_Si.jpg,validation
1959_GA.jpg,validation
1961_Si.jpg,validation
1977_Si.jpg,validation
1978_GA.jpg,validation
1978_Si.jpg,validation
1980_GA.jpg,validation
1986_Si.jpg,validation
1988_Si.jpg,validation
1998_Si.jpg,validation
1999_GA.jpg,validation
2000_Si.jpg,validation
2001_Si.jpg,validation
2004_Si.jpg,validation
2007_Si.jpg,validation
2009_GA.jpg,validation
2010_Si.jpg,validation
2011_GA.jpg,validation
2012_GA.jpg,validation
2015_GA.jpg,validation
2016_GA.jpg,validation
2018_Si.jpg,validation
2020_GA.jpg,validation
2025_Si.jpg,validation
2027_GA.jpg,validation
2028_Si.jpg,validation
2029_GA.jpg,validation
2031_Si.jpg,validation
2039_GA.jpg,validation
2040_GA.jpg,validation
2044_Si.jpg,validation
2048_GA.jpg,validation
2056_Si.jpg,validation
2057_GA.jpg,validation
2058_GA.jpg,validation
2063_GA.jpg,validation
2065_GA.jpg,validation
2067_Si.jpg,validation
2072_GA.jpg,validation
2073_GA.jpg,validation
2088_GA.jpg,validation
2094_GA.jpg,validation
2115_Si.jpg,validation
2122_GA.jpg,validation
2129_GA.jpg,validation
2130_Si.jpg,validation
2131_GA.jpg,validation
2131_Si.jpg,validation
2140_GA.jpg,validation
2141_Free light.jpg,validation
2149_GA.jpg,validation
2154_GA.jpg,validation
2158_Si.jpg,validation
2160_Si.jpg,validation
2164_GA.jpg,validation
2175_GA-2.jpg,validation
2186_Si.jpg,validation
2195_Si.jpg,validation
2198_GA.jpg,validation
2205_GA.jpg,validation
2206_GA.jpg,validation
2210_GA.jpg,validation
2213_GA.jpg,validation
2216_Si.jpg,validation
2217_GA.jpg,validation
2219_GA.jpg,validation
2220_GA.jpg,validation
2226_Si.jpg,validation
2234_Si.jpg,validation
2235_GA.jpg,validation
2244_Free Light.jpg,validation
2244_GA.jpg,validation
2244_Si.jpg,validation
2246_Free Light.jpg,validation
2248_GA.jpg,validation
2248_Si.jpg,validation
2249_GA.jpg,validation
2249_Si.jpg,validation
2250_Si.jpg,validation
2251_GA.jpg,validation
2254_contact_Si.jpg,validation
2254_noncontact_GA.jpg,validation
2255_GA.jpg,validation
2257_GA.jpg,validation
2258_GA.jpg,validation
2258_Si.jpg,validation
2260_GA.jpg,validation
2261_Si.jpg,validation
2262_GA.jpg,validation
2262_Si.jpg,validation
2268_Si.jpg,validation
2269_Si.jpg,validation
2273_GA.jpg,validation
2277_GA.jpg,validation
2281_GA.jpg,validation
2282_Si.jpg,validation
2283_Si.jpg,validation
2285_GA.jpg,validation
2290_GA.jpg,validation
2292_GA.jpg,validation
2293_GA.jpg,validation
2295_GA-2.jpg,validation
2303_GA.jpg,validation
2306_GA.jpg,validation
2308_GA.jpg,validation
2310_Si.jpg,validation
2312_Si.jpg,validation
2313_GA.jpg,validation
2317_GA.jpg,validation
2317_Si.jpg,validation
2319_GA.jpg,validation
2320_Si.jpg,validation
2325_Si.jpg,validation
2330_GA.jpg,validation
2337_Si.jpg,validation
2338_GA.jpg,validation
2339_Si.jpg,validation
2340_Si.jpg,validation
2342_GA.jpg,validation
2343_Si.jpg,validation
2344_Si.jpg,validation
2345_GA.jpg,validation
2348_GA.jpg,validation
2349_Si.jpg,validation
2372_Si.jpg,validation
2373_Si.jpg,validation
2376_Si.jpg,validation
2382_Si.jpg,validation
2383_GA.jpg,validation
2386_GA.jpg,validation
2388_GA.jpg,validation
2388_Si.jpg,validation
2389_GA.jpg,validation
2393_Si.jpg,validation
2398_Si_Control for 2387-2396.jpg,validation
2400_GA.jpg,validation
2410_GA.jpg,validation
2411_GA.jpg,validation
2412_Si.jpg,validation
2414_Si_Control for 2404-2413.jpg,validation
2419_GA.jpg,validation
2424_Si_Control_2423_2415.jpg,validation
2428_GA.jpg,validation
2428_Si.jpg,validation
2429_GA.jpg,validation
2431_GA.jpg,validation
2432_GA.jpg,validation
2433_Si.jpg,validation
2435_Si.jpg,validation
2440_Si_Control_2437_2439.jpg,validation
2441_GA.jpg,validation
2511_Si_S2.jpg,validation
2512_GA_S1.jpg,validation
2519_GA.jpg,validation
2522_GA.jpg,validation
2526_Si.jpg,validation
2534_GA.jpg,validation
2536_GA.jpg,validation
2536_Si.jpg,validation
2537_GA.jpg,validation
2540_GA.jpg,validation
2546_GA.jpg,validation
2547_Si.jpg,validation
2548_Si.jpg,validation
2550_GA.jpg,validation
2550_Si.jpg,validation
2551_GA.jpg,validation
2553_Si.jpg,validation
2558_Si.jpg,validation
2562_GA.jpg,validation
2563_GA.jpg,validation
2567_GA.jpg,validation
2574_Si.jpg,validation
2575_Si.jpg,validation
2576_Si.jpg,validation
2582_GA.jpg,validation
2587_GA.jpg,validation
2589_GA.jpg,validation
2590_Si.jpg,validation
2591_GA.jpg,validation
2592_GA.jpg,validation
2594_GA.jpg,validation
2596_GA.jpg,validation
2597_GA.jpg,validation
2599_Si.jpg,validation
2601_Si.jpg,validation
2604_Si.jpg,validation
2605_Si.jpg,validation
2610_GA.jpg,validation
2614_GA.jpg,validation
2615_GA.jpg,validation
2617_GA.jpg,validation
2618_GA.jpg,validation
2623_Free Light.jpg,validation
2625_GA.jpg,validation
2631_Si.jpg,validation
2632_GA.jpg,validation
2637_GA.jpg,validation
2637_Si.jpg,validation
2642_Si.jpg,validation
2652 CONTROL_Si.jpg,validation
2656_GA.jpg,validation
2656_Si.jpg,validation
2659_Si.jpg,validation
2661_Si.jpg,validation
2662_Si.jpg,validation
2664_GA.jpg,validation
2666_GA.jpg,validation
2667_Si.jpg,validation
2669 CONTROL_GA.jpg,validation
2670_GA.jpg,validation
2671_GA.jpg,validation
2675_Si.jpg,validation
2676_Si.jpg,validation
2677_GA.jpg,validation
2683 CONTROL 2679-2682_Si.jpg,validation
2686_GA.jpg,validation
2687_Si.jpg,validation
2698_GA.jpg,validation
2700_Si.jpg,validation
2701_GA.jpg,validation
2704_Si.jpg,validation
2707 Control for 2698-2706_GA.jpg,validation
2708_Si.jpg,validation
2709_GA.jpg,validation
2709_Si.jpg,validation
2712_FL.jpg,validation
2714_Si.jpg,validation
2715_GA.jpg,validation
2716_GA.jpg,validation
2720_GA.jpg,validation
2721_GA.jpg,validation
2722_Si.jpg,validation
2724_GA.jpg,validation
2725 CONTROL for 2718-2724_GA.jpg,validation
2729_Si.jpg,validation
2730_C_GA.jpg,validation
2731_C_Si.jpg,validation
2731_GA.jpg,validation
2732_GA.jpg,validation
2733 Control_C_Si.jpg,validation
2733_Control for 2726-2732_GA.jpg,validation
2741_GA.jpg,validation
2742_GA.jpg,validation
2743_Si.jpg,validation
2749_Si.jpg,validation
2750_Si.jpg,validation
2751_GA.jpg,validation
2754_GA.jpg,validation
2763_GA.jpg,validation
2764_GA.jpg,validation
2767_GA.jpg,validation
2782_Si.jpg,validation
2784_GA.jpg,validation
2785_Si.jpg,validation
2797_GA.jpg,validation
2798_FL.jpg,validation
2805_GA.jpg,validation
2807_GA.jpg,validation
2807_Si.jpg,validation
2808_Control for 2796-2807_Si.jpg,validation
2810_Si.jpg,validation
2811_GA.jpg,validation
2817 CONTROL for 2809-2816_Si.jpg,validation
2820_GA.jpg,validation
2821_Si.jpg,validation
2823 CONTROL for 2818-2822_GA.jpg,validation
2823 CONTROL for 2818-2822_Si.jpg,validation
2832_Si.jpg,validation
2834_GA.jpg,validation
2835_Si.jpg,validation
2838 Control for 2829-2837_GA.jpg,validation
2839_GA.jpg,validation
2843_Si.jpg,validation
2846_GA.jpg,validation
2848_GA.jpg,validation
2851_GA.jpg,validation
2851_Si.jpg,validation
2854_Si.jpg,validation
2857_Si.jpg,validation
2862_Si.jpg,validation
2867_Si.jpg,validation
2872_GA.jpg,validation
2872_Si.jpg,validation
2874_GA.jpg,validation
2876_Si.jpg,validation
2877 Control for 2867-2876_Si.jpg,validation
2883_Si.jpg,validation
2894_GA.jpg,validation
2895_Si.jpg,validation
2896_GA.jpg,validation
2898_GA.jpg,validation
2898_Si.jpg,validation
2900_Control_GA.jpg,validation
2904_GA.jpg,validation
2906 IC_Si.jpg,validation
2906_GA.jpg,validation
2907_Si.jpg,validation
2910_GA.jpg,validation
2914 CONTROL for 2909-2913_Si.jpg,validation
2917_Si.jpg,validation
2921_Si.jpg,validation
2931 Control for 2921-2930_Si.jpg,validation
2933_GA.jpg,validation
2934_Si.jpg,validation
2943_Si.jpg,validation
2944_GA.jpg,validation
2944_Si.jpg,validation
2948_Si.jpg,validation
2949_Si.jpg,validation
2950_Si.jpg,validation
2953_GA.jpg,validation
2956_GA.jpg,validation
2962_Si.jpg,validation
2964_GA.jpg,validation
2964_Si.jpg,validation
2967_GA.jpg,validation
2967_Si.jpg,validation
2968_GA.jpg,validation
2969_GA.jpg,validation
2970_GA.jpg,validation
2972_Si.jpg,validation
2977_Si.jpg,validation
2978_Si.jpg,validation
2983_GA.jpg,validation
2984_Si.jpg,validation
2987_Si.jpg,validation
2991_GA.jpg,validation
2993_Si.jpg,validation
2995_Si.jpg,validation
2997_GA.jpg,validation
2997_Si.jpg,validation
3000_FL.jpg,validation
3000_GA.jpg,validation
3001 Control for 2997-3000_GA.jpg,validation
3002_Si.jpg,validation
3003_Si.jpg,validation
3005_GA.jpg,validation
3015 Control for 3012-3014_GA.jpg,validation
3016_GA.jpg,validation
3018_Si.jpg,validation
3023 Control for 3016-3022_Si.jpg,validation
3026_GA.jpg,validation
3030 Control for 3024-3029_Si.jpg,validation
3031_Si.jpg,validation
3032_GA.jpg,validation
3036_GA.jpg,validation
3037_Si.jpg,validation
3038 Control for 3031-3037_Si.jpg,validation
3040_Si.jpg,validation
3043_GA.jpg,validation
3043_Si.jpg,validation
3045_Si.jpg,validation
3046_GA.jpg,validation
3046_Si.jpg,validation
3055_GA.jpg,validation
3058_Si.jpg,validation
3061_Si.jpg,validation
1316_GA.jpg,test
1323_GA.jpg,test
1337_GA.jpg,test
1341_GA.jpg,test
1346_Si.jpg,test
1372_Si.jpg,test
1378_GA.jpg,test
1383_Si.jpg,test
1408_Si.jpg,test
1457_Si.jpg,test
1465_Si.jpg,test
1466_Si.jpg,test
1482_Si.jpg,test
1502_Si.jpg,test
1503_Si.jpg,test
1508_back_GA.jpg,test
1520_GA.jpg,test
1551_GA.jpg,test
1552_Si.jpg,test
1809_GA.jpg,test
1829_GA.jpg,test
1830_Si.jpg,test
1841_Si.jpg,test
1854_GA.jpg,test
1881_Si.jpg,test
1944_GA.jpg,test
1952_GA.jpg,test
1957_Si.jpg,test
1958_GA.jpg,test
1962_Si.jpg,test
1963_GA.jpg,test
1967_Si.jpg,test
1976_Si.jpg,test
1979_Si.jpg,test
1980_Si.jpg,test
1996_Si.jpg,test
1997_Si.jpg,test
2003_Si.jpg,test
2006_Si.jpg,test
2009_Si.jpg,test
2020_Si.jpg,test
2024_Si.jpg,test
2039_Si.jpg,test
2041_GA.jpg,test
2054_Si.jpg,test
2057_Si.jpg,test
2070_Si.jpg,test
2071_GA.jpg,test
2074_Si.jpg,test
2092_GA.jpg,test
2099_Si.jpg,test
2100_GA.jpg,test
2103_GA.jpg,test
2120_Si.jpg,test
2132_GA.jpg,test
2140_Si.jpg,test
2141_Si.jpg,test
2145_GA.jpg,test
2145_Si.jpg,test
2150_Si.jpg,test
2161_GA.jpg,test
2161_Si.jpg,test
2164_Si.jpg,test
2177_Si.jpg,test
2180_GA.jpg,test
2189_GA.jpg,test
2195_GA.jpg,test
2199_GA.jpg,test
2203_Si.jpg,test
2219_Si.jpg,test
2229_Si.jpg,test
2238_Si.jpg,test
2242_GA.jpg,test
2244_contact_Si.jpg,test
2245_noncontact_GA.jpg,test
2251_Si.jpg,test
2275_GA.jpg,test
2290_Si.jpg,test
2295_Si-2.jpg,test
2297_GA.jpg,test
2300_GA.jpg,test
2301_GA.jpg,test
2304_Si.jpg,test
2305_contact_Si.jpg,test
2319_Si.jpg,test
2320_GA.jpg,test
2328_GA.jpg,test
2329_Si.jpg,test
2342_Si.jpg,test
2347_Si.jpg,test
2348_contact_GA.jpg,test
2350_GA.jpg,test
2351_GA.jpg,test
2374_Si.jpg,test
2376_GA.jpg,test
2377_Si.jpg,test
2379_Si.jpg,test
2389_Si.jpg,test
2391_GA.jpg,test
2394_GA.jpg,test
2405_Si.jpg,test
2407_Si.jpg,test
2416_GA.jpg,test
2420_Si.jpg,test
2432_Si.jpg,test
2433_GA.jpg,test
2434_Si.jpg,test
2442_GA.jpg,test
2515_GA.jpg,test
2517_Si.jpg,test
2523_GA.jpg,test
2524_Si.jpg,test
2525_Si.jpg,test
2527_GA.jpg,test
2544_GA.jpg,test
2568_Si.jpg,test
2569_Control for 2560-2563_2566-2568_2570-2572_GA.jpg,test
2578_Si.jpg,test
2585_Si.jpg,test
2588_GA.jpg,test
2588_Si.jpg,test
2592_Si.jpg,test
2593_Control for 2584-2592_Si.jpg,test
2606_Si.jpg,test
2607_GA.jpg,test
2611 Control for 2604-2610_Si.jpg,test
2613_GA.jpg,test
2614_Si.jpg,test
2619_GA.jpg,test
2626_GA.jpg,test
2627_Free Light.jpg,test
2627_GA.jpg,test
2629 Control_GA.jpg,test
2629 Control_Si.jpg,test
2633_GA.jpg,test
2635_GA.jpg,test
2635_Si.jpg,test
2636_GA.jpg,test
2639 Control for 2630-2638_Si.jpg,test
2649_Si.jpg,test
2655_Si.jpg,test
2658_GA.jpg,test
2664_Si.jpg,test
2671_Si.jpg,test
2678 CONTROL for 2674-2677_Si.jpg,test
2682_Si.jpg,test
2687_GA.jpg,test
2698_C_GA.jpg,test
2698_Si.jpg,test
2699_Si.jpg,test
2701_Si.jpg,test
2705_GA.jpg,test
2707 Control for 2698-2706_C_Si.jpg,test
2711_Si.jpg,test
2713_GA.jpg,test
2718_Si.jpg,test
2719_GA.jpg,test
2720_Si.jpg,test
2723_Si.jpg,test
2727_GA.jpg,test
2739_Si.jpg,test
2740 CONTROL for 2736-2739_GA.jpg,test
2743_GA.jpg,test
2745_Si.jpg,test
2754_Si.jpg,test
2756 CONTROL for 2747-2755_GA.jpg,test
2763_Si.jpg,test
2768_GA.jpg,test
2783_Si.jpg,test
2791_GA.jpg,test
2797_Si.jpg,test
2802_GA.jpg,test
2804_Si.jpg,test
2806_GA.jpg,test
2815_Si.jpg,test
2830_Si.jpg,test
2836_IC_Si.jpg,test
2845_GA.jpg,test
2845_Si.jpg,test
2873_Si.jpg,test
2876_GA.jpg,test
2880_Si.jpg,test
2882_Si.jpg,test
2883_GA.jpg,test
2893_Si.jpg,test
2914 CONTROL for 2909-2913_GA.jpg,test
2920 Control for 2915-2919_Si.jpg,test
2921_GA.jpg,test
2922_GA.jpg,test
2922_Si.jpg,test
2931 Control for 2921-2930_GA.jpg,test
2935_Si.jpg,test
2936_Si.jpg,test
2945_Si.jpg,test
2947_GA.jpg,test
2951_Si.jpg,test
2954_Si.jpg,test
2955_Si.jpg,test
2957_Si.jpg,test
2961_GA.jpg,test
2981_GA.jpg,test
2981_Si.jpg,test
2986_GA.jpg,test
2986_Si.jpg,test
2992_Si.jpg,test
2998_GA.jpg,test
2999_GA.jpg,test
3000_Si.jpg,test
3004_GA.jpg,test
3004_Si.jpg,test
3006_GA.jpg,test
3012_Si.jpg,test
3019_Si.jpg,test
3036_Si.jpg,test
3041_GA.jpg,test
3044_Si.jpg,test
3057_GA.jpg,test
3059_Si.jpg,test
3060_GA.jpg,test
3063 Control for 3054-3062_GA.jpg,test